AGENCY,COUNTY,ORI
ADA PD,NORMAN,MN0540100
SHERIFF'S OFFICE,NORMAN,MN0540000
ADRIAN PD,NOBLES,MN0530200
AITKIN PD,AITKIN,MN0010100
SHERIFF'S OFFICE,AITKIN,MN0010000
AKELEY PD,HUBBARD,MN0290200
ALBERT LEA PD,FREEBORN,MN0240100
SHERIFF'S OFFICE,FREEBORN,MN0240000
ALBERTA PD,STEVENS,MN0750200
ALDEN PD,FREEBORN,MN0240200
ALEXANDRIA PD,DOUGLAS,MN0210100
SHERIFF'S OFFICE,DOUGLAS,MN0210000
AMBOY PD,BLUE EARTH,MN0070300
ANDOVER PD,ANOKA,MN0021200
ANNANDALE PD,WRIGHT,MN0860600
ANOKA PD,ANOKA,MN0020100
ANDOVER PD,ANOKA,MN0021200
HAM LAKE PD,ANOKA,MN0021000
RAMSEY PD,ANOKA,MN0021300
SHERIFF'S OFFICE,ANOKA,MN0020000
APPLE VALLEY PD,DAKOTA,MN0191000
APPLETON PD,SWIFT,MN0760100
ARDEN HILLS PD,RAMSEY,MN0620100
ARLINGTON PD,SIBLEY,MN0720100
ASHBY PD,GRANT,MN0260200
ATWATER PD,KANDIYOHI,MN0340200
AUDUBON PD,BECKER,MN0030300
AURORA PD,ST. LOUIS,MN0690100
AUSTIN PD,MOWER,MN0500100
SHERIFF'S OFFICE,MOWER,MN0500000
AVOCA PD,MURRAY,MN0510300
BABBITT PD,ST. LOUIS,MN0690200
BADGER PD,ROSEAU,MN0680300
BAGLEY PD,CLEARWATER,MN0150100
SHERIFF'S OFFICE,CLEARWATER,MN0150000
BARNESVILLE PD,CLAY,MN0140100
BARRETT PD,GRANT,MN0260300
BATTLE LAKE PD,OTTER TAIL,MN0560400
BAUDETTE PD,LAKE OF THE WOODS,MN0390100
SHERIFF'S OFFICE,LAKE OF THE WOODS,MN0390000
BAXTER PD,CROW WING,MN0180500
BAYPORT PD,WASHINGTON,MN0820100
BEARDSLEY PD,BIG STONE,MN0060200
BEAVER CREEK PD,ROCK,MN0670200
BECHYN PD,RENVILLE,MN0651100
BELGRADE PD,STEARNS,MN0730800
BELLE PLAINE PD,SCOTT,MN0700100
BELLINGHAM PD,LAC QUI PARLE,MN0370300
BEMIDJI PD,BELTRAMI,MN0040100
SHERIFF'S OFFICE,BELTRAMI,MN0040000
BENSON PD,SWIFT,MN0760200
SHERIFF'S OFFICE,SWIFT,MN0760000
BERTHA PD,TODD,MN0770300
BIG FALLS PD,KOOCHICHING,MN0360200
BIG LAKE PD,SHERBURNE,MN0710100
BIGFORK PD,ITASCA,MN0310600
BIRD ISLAND PD,RENVILLE,MN0650500
BIWABIK PD,ST. LOUIS,MN0690300
BLACKDUCK PD,BELTRAMI,MN0040200
BLAINE PD,ANOKA,MN0020200
BLOOMING PRAIRIE PD,STEELE,MN0740200
BLOOMINGTON PD,HENNEPIN,MN0270100
BLUE EARTH PD,FARIBAULT,MN0220100
SHERIFF'S OFFICE,FARIBAULT,MN0220000
BLUFFTON PD,OTTER TAIL,MN0560500
BOVEY PD,ITASCA,MN0310100
BRAHAM PD,ISANTI,MN0300200
BRAINERD PD,CROW WING,MN0180100
BREEZY POINT PD,CROW WING,MN0180300
SHERIFF'S OFFICE,CROW WING,MN0180000
HIGHWAY PATROL,N/A,MNMHP0700
BRANDON PD,DOUGLAS,MN0210300
BRECKENRIDGE PD,WILKIN,MN0840100
SHERIFF'S OFFICE,WILKIN,MN0840000
BREEZY POINT PD,CROW WING,MN0180300
BREWSTER PD,NOBLES,MN0530300
BRICELYN PD,FARIBAULT,MN0220600
BROOKLYN CENTER PD,HENNEPIN,MN0270200
BROOKLYN PARK PD,HENNEPIN,MN0270300
BROOTEN PD,STEARNS,MN0730900
BROWERVILLE PD,TODD,MN0770400
BROWNS VALLEY PD,TRAVERSE,MN0780100
BROWNSDALE PD,MOWER,MN0500300
BROWNTON PD,MCLEOD,MN0430300
BUFFALO LAKE PD,RENVILLE,MN0650600
LAKESIDE PD,RENVILLE,MN0651200
BUFFALO PD,WRIGHT,MN0860100
SHERIFF'S OFFICE,WRIGHT,MN0860000
BUHL PD,ST. LOUIS,MN0690400
BUTTERFIELD PD,WATONWAN,MN0830300
BYRON PD,OLMSTED,MN0550300
CALEDONIA PD,HOUSTON,MN0280100
SHERIFF'S OFFICE,HOUSTON,MN0280000
CAMBRIDGE PD,ISANTI,MN0300100
SHERIFF'S OFFICE,ISANTI,MN0300000
CAMPBELL PD,WILKIN,MN0840200
CANBY PD,YELLOW MEDICINE,MN0870100
CANNON FALLS PD,GOODHUE,MN0250100
CANTON PD,FILLMORE,MN0230700
CARLOS PD,DOUGLAS,MN0210400
SHERIFF'S OFFICE,CARLTON,MN0090000
CASS LAKE PD,CASS,MN0110100
CENTER CITY PD,CHISAGO,MN0130200
SHERIFF'S OFFICE,CHISAGO,MN0130000
CHAMPLIN PD,HENNEPIN,MN0272900
CHANHASSEN PD,CARVER,MN0100100
CHASKA PD,CARVER,MN0100200
SHERIFF'S OFFICE,CARVER,MN0100000
CHATFIELD PD,FILLMORE,MN0230100
CHISAGO PD,CHISAGO,MN0130300
CHISHOLM PD,ST. LOUIS,MN0690500
CHOKIO PD,STEVENS,MN0750300
CIRCLE PINES-LEXINGTON PD,ANOKA,MN0020300
LINO LAKES PD,ANOKA,MN0020700
CLARA CITY PD,CHIPPEWA,MN0120100
CLAREMONT PD,DODGE,MN0200400
CLARISSA PD,TODD,MN0770700
CLARKFIELD PD,YELLOW MEDICINE,MN0870300
CLARKS GROVE PD,FREEBORN,MN0240300
CLEARBROOK PD,CLEARWATER,MN0150200
CLEARWATER PD,WRIGHT,MN0860700
CLOQUET PD,CARLTON,MN0090100
COKATO PD,WRIGHT,MN0860200
COLD SPRING PD,STEARNS,MN0730100
COLERAINE PD,ITASCA,MN0310200
COLUMBIA HEIGHTS PD,ANOKA,MN0020400
COMFREY PD,BROWN,MN0080400
COON RAPIDS PD,ANOKA,MN0020500
CORCORAN PD,HENNEPIN,MN0273100
COTTAGE GROVE PD,WASHINGTON,MN0820700
COURTLAND PD,NICOLLET,MN0520300
CROOKSTON PD,POLK,MN0600100
SHERIFF'S OFFICE,POLK,MN0600000
CROSBY PD,CROW WING,MN0180200
CROSSLAKE PD,CROW WING,MN0180400
CRYSTAL PD,HENNEPIN,MN0270400
CURRIE PD,MURRAY,MN0510400
DANUBE PD,RENVILLE,MN0650700
DARFUR PD,WATONWAN,MN0830400
DAWSON PD,LAC QUI PARLE,MN0370100
DAYTON PD,HENNEPIN,MN0273200
DEEPHAVEN PD,HENNEPIN,MN0270500
DEER RIVER PD,ITASCA,MN0310700
DEERWOOD PD,CROW WING,MN0180600
DELANO PD,WRIGHT,MN0860300
DELAVAN PD,FARIBAULT,MN0220700
DELLWOOD PD,WASHINGTON,MN0821600
DENNISON PD,GOODHUE,MN0250500
DEPARTMENT OF PUBLIC SAFE,SCOTT,MN0700800
DEPT OF PUBLIC SAFETY,DAKOTA,MN0190100
DETROIT LAKES PD,BECKER,MN0030100
SHERIFF'S OFFICE,BECKER,MN0030000
HIGHWAY PATROL,N/A,MNMHP0800
DEXTER PD,MOWER,MN0500400
DILWORTH PD,CLAY,MN0140200
DODGE CENTER PD,DODGE,MN0200100
DONALDSON PD,KITTSON,MN0350200
DONNELLY PD,STEVENS,MN0750400
DOVER PD,OLMSTED,MN0550400
DULUTH PD,ST. LOUIS,MN0690600
HIGHWAY PATROL,N/A,MNMHP1100
SHERIFF'S OFFICE,ST. LOUIS,MN0690000
DUMONT PD,TRAVERSE,MN0780300
DUNDAS PD,RICE,MN0660300
EAGLE BEND PD,TODD,MN0770500
EAGLE LAKE PD,BLUE EARTH,MN0070400
EAST BETHEL PD,ANOKA,MN0020900
EAST GRAND FORKS PD,POLK,MN0600200
EASTON PD,FARIBAULT,MN0220800
ECHO PD,YELLOW MEDICINE,MN0870400
EDEN PRAIRIE PD,HENNEPIN,MN0272600
EDEN VALLEY PD,MEEKER,MN0470200
EDINA PD,HENNEPIN,MN0270600
EGAN PD,DAKOTA,MN0190800
ELBOW LAKE PD,GRANT,MN0260100
SHERIFF'S OFFICE,GRANT,MN0260000
ELGIN PD,WABASHA,MN0790400
ELK RIVER PD,SHERBURNE,MN0710200
SHERIFF'S OFFICE,SHERBURNE,MN0710000
ELLENDALE PD,STEELE,MN0740300
ELLSWORTH PD,NOBLES,MN0530400
ELMORE PD,FARIBAULT,MN0220200
ELY PD,ST. LOUIS,MN0690700
ELYSIAN PD,LE SUEUR,MN0400500
EMILY PD,CROW WING,MN0180700
ERSKINE PD,POLK,MN0600500
EVANSVILLE PD,DOUGLAS,MN0210500
EVELETH PD,ST. LOUIS,MN0690800
FAIRFAX PD,RENVILLE,MN0650100
FAIRMONT PD,MARTIN,MN0460100
SHERIFF'S OFFICE,MARTIN,MN0460000
FALCON HEIGHTS PD,RAMSEY,MN0620200
FARIBAULT PD,RICE,MN0660100
SHERIFF'S OFFICE,RICE,MN0660000
FARMINGTON PD,DAKOTA,MN0190200
FELTON PD,CLAY,MN0140500
FERGUS FALLS PD,OTTER TAIL,MN0560100
SHERIFF'S OFFICE,OTTER TAIL,MN0560000
FERTILE PD,POLK,MN0600400
FIFTY LAKES POLICE DEPARTMENT,CROW WING,MN0181200
FISHER PD,POLK,MN0600600
FLOODWOOD PD,ST. LOUIS,MN0691500
FOLEY PD,BENTON,MN0050100
SHERIFF'S OFFICE,BENTON,MN0050000
FOREST LAKE PD,WASHINGTON,MN0820200
FOSSTON PD,POLK,MN0600300
FOUNTAIN PD,FILLMORE,MN0230800
FOXHOME PD,WILKIN,MN0840300
FRANKLIN PD,RENVILLE,MN0650800
FRAZEE PD,BECKER,MN0030200
FREEBORN PD,FREEBORN,MN0240400
FREEPORT PD,STEARNS,MN0731300
FRIDLEY PD,ANOKA,MN0020600
FROST PD,FARIBAULT,MN0220900
FULDA PD,MURRAY,MN0510100
GARRISON PD,CROW WING,MN0180800
GAYLORD PD,SIBLEY,MN0720200
SHERIFF'S OFFICE,SIBLEY,MN0720000
GIBBON PD,SIBLEY,MN0720400
GILBERT PD,ST. LOUIS,MN0690900
GLENCOE PD,MCLEOD,MN0430100
SHERIFF'S OFFICE,MCLEOD,MN0430000
GLENWOOD PD,POPE,MN0610100
SHERIFF'S OFFICE,POPE,MN0610000
GLYNDON PD,CLAY,MN0140600
GOLDEN VALLEY DEPARTMENT OF PUBLIC SAFETY,HENNEPIN,MN0270800
HIGHWAY PATROL,N/A,MNMHP0400
GONVICK PD,CLEARWATER,MN0150300
GOOD THUNDER PD,BLUE EARTH,MN0070600
GOODHUE PD,GOODHUE,MN0250600
GOODRIDGE PD,PENNINGTON,MN0570200
GOODVIEW PD,WINONA,MN0850300
GRAND MARAIS PD,COOK,MN0160100
SHERIFF'S OFFICE,COOK,MN0160000
GRAND RAPIDS PD,ITASCA,MN0310300
SHERIFF'S OFFICE,ITASCA,MN0310000
GRANITE FALLS PD,YELLOW MEDICINE,MN0870200
SHERIFF'S OFFICE,YELLOW MEDICINE,MN0870000
GRANT PD,WASHINGTON,MN0821300
GREEN ISLE PD,SIBLEY,MN0720300
GREENBUSH PD,ROSEAU,MN0680400
GREENFIELD PD,HENNEPIN,MN0273300
GREY EAGLE PD,TODD,MN0770600
GROVE CITY PD,YELLOW MEDICINE,MN4703000
HACKENSACK PD,CASS,MN0110300
HALLOCK PD,KITTSON,MN0350100
SHERIFF'S OFFICE,KITTSON,MN0350000
HALSTAD PD,NORMAN,MN0540200
HAM LAKE PD,ANOKA,MN0021000
HANCOCK PD,STEVENS,MN0750500
HANLEY FALLS PD,YELLOW MEDICINE,MN0870500
HANSKA PD,BROWN,MN0080500
HARMONY PD,FILLMORE,MN0230200
HARTLAND PD,FREEBORN,MN0240500
HASTINGS PD,DAKOTA,MN0190300
SHERIFF'S OFFICE,DAKOTA,MN0190000
HAWLEY PD,CLAY,MN0140300
HAYFIELD PD,DODGE,MN0200300
HECTOR PD,RENVILLE,MN0650200
HENDERSON PD,SIBLEY,MN0720500
HENDRICKS PD,LINCOLN,MN0410200
HENNING PD,OTTER TAIL,MN0560600
HERMAN PD,GRANT,MN0260400
HERMANTOWN PD,ST. LOUIS,MN0691700
HERON LAKE PD,JACKSON,MN0320300
HIBBING PD,ST. LOUIS,MN0691000
HIGHWAY PATROL RADIO,N/A,MNMHP0100
HIGHWAY PATROL CAPITOL SECURITY DISTRICT,N/A,MNMHP1300
HIGHWAY PATROL,N/A,MNMHP0700
HIGHWAY PATROL,N/A,MNMHP0800
HIGHWAY PATROL,N/A,MNMHP1100
HIGHWAY PATROL,N/A,MNMHP1400
HIGHWAY PATROL,N/A,MNMHP0500
HIGHWAY PATROL,N/A,MNMHP0400
HIGHWAY PATROL,N/A,MNMHP1200
HIGHWAY PATROL,N/A,MNMHP0300
HIGHWAY PATROL,N/A,MNMHP0200
HIGHWAY PATROL,N/A,MNMHP0600
HIGHWAY PATROL,N/A,MNMHP0900
HIGHWAY PATROL,N/A,MNMHP1000
HILLTOP PD,ANOKA,MN0021400
HINCKLEY PD,PINE,MN0580300
HOFFMAN PD,GRANT,MN0260500
HOKAH PD,HOUSTON,MN0280500
HOPKINS PD,HENNEPIN,MN0270900
HOUSTON PD,HOUSTON,MN0280200
HOWARD LAKE PD,WRIGHT,MN0860400
HOYT LAKES PD,ST. LOUIS,MN0691100
HUGO PD,WASHINGTON,MN0821200
HUTCHINSON PD,MCLEOD,MN0430200
INTERNATIONAL FALLS PD,KOOCHICHING,MN0360100
INVER GROVE HEIGHTS PD,DAKOTA,MN0190900
IONA PD,MURRAY,MN0510500
IRONTON PD,CROW WING,MN0180900
ISANTI PD,ISANTI,MN0300300
JACKSON PD,JACKSON,MN0320100
SHERIFF'S OFFICE,JACKSON,MN0320000
JANESVILLE PD,WASECA,MN0810100
JASPER PD,PIPESTONE,MN0590200
JEFFERS PD,COTTONWOOD,MN0170300
JORDAN PD,SCOTT,MN0700200
KARLSTAD PD,KITTSON,MN0350300
KASSON PD,DODGE,MN0200200
KEEWATIN PD,ITASCA,MN0310400
KELLIHER PD,BELTRAMI,MN0040300
KENSINGTON PD,DOUGLAS,MN0210600
KENYON PD,GOODHUE,MN0250400
KERKHOVEN PD,SWIFT,MN0760300
KETTLE RIVER PD,CARLTON,MN0090300
KIESTER PD,FARIBAULT,MN0220300
KIMBALL PD,STEARNS,MN0731000
KINNEY PD,ST. LOUIS,MN0691600
LA CRESCENT PD,HOUSTON,MN0280300
LA SALLE PD,WATONWAN,MN0830500
LAKE BRONSON PD,KITTSON,MN0350400
LAKE CITY PD,WABASHA,MN0790100
LAKE CRYSTAL PD,BLUE EARTH,MN0070500
LAKE ELMO PD,WASHINGTON,MN0821000
LAKE PARK PD,BECKER,MN0030400
LAKEFIELD PD,JACKSON,MN0320200
LAKESIDE PD,RENVILLE,MN0651200
LAKEVILLE PD,DAKOTA,MN0191100
LAMBERTON PD,REDWOOD,MN0640100
LANCASTER PD,KITTSON,MN0350500
LANDFALL PD,WASHINGTON,MN0821700
LANESBORO PD,FILLMORE,MN0230300
LAUDERDALE PD,RAMSEY,MN0620300
LE CENTER PD,LE SUEUR,MN0400100
SHERIFF'S OFFICE,LE SUEUR,MN0400000
LE ROY PD,MOWER,MN0500500
LE SUEUR PD,LE SUEUR,MN0400200
LESTER PRAIRIE PD,MCLEOD,MN0430400
LEWISTON PD,WINONA,MN0850400
LEWISVILLE PD,WATONWAN,MN0830600
LEXINGTON PD,ANOKA,MN0021100
LILYDALE PD,DAKOTA,MN0191200
LINDSTROM PD,CHISAGO,MN0130400
LINO LAKES PD,ANOKA,MN0020700
LITCHFIELD PD,MEEKER,MN0470100
SHERIFF'S OFFICE,MEEKER,MN0470000
LITTLE CANADA PD,RAMSEY,MN0621100
LITTLE FALLS PD,MORRISON,MN0490100
SHERIFF'S OFFICE,MORRISON,MN0490000
LITTLEFORK PD,KOOCHICHING,MN0360300
LONG PRAIRIE PD,TODD,MN0770100
SHERIFF'S OFFICE,TODD,MN0770000
LONGVILLE PD,CASS,MN0110400
LONSDALE PD,RICE,MN0660400
LUVERNE PD,ROCK,MN0670100
SHERIFF'S OFFICE,ROCK,MN0670000
LYLE PD,MOWER,MN0500600
MABEL PD,FILLMORE,MN0230900
MADELIA PD,WATONWAN,MN0830100
MADISON PD,LAC QUI PARLE,MN0370200
SHERIFF'S OFFICE,LAC QUI PARLE,MN0370000
MAHNOMEN PD,MAHNOMEN,MN0440100
SHERIFF'S OFFICE,MAHNOMEN,MN0440000
MAHTOMEDI PD,WASHINGTON,MN0820300
MANKATO PD,BLUE EARTH,MN0070100
SHERIFF'S OFFICE,BLUE EARTH,MN0070000
SKYLINE PD,BLUE EARTH,MN0070700
HIGHWAY PATROL,N/A,MNMHP1200
NORTH MANKATO PD,NICOLLET,MN0520100
MANTORVILLE PD,DODGE,MN0200500
SHERIFF'S OFFICE,DODGE,MN0200000
MAPLE GROVE PD,HENNEPIN,MN0272700
MAPLE LAKE PD,WRIGHT,MN0860800
MAPLETON PD,BLUE EARTH,MN0070200
MAPLEVIEW PD,MOWER,MN0500700
MAPLEWOOD PD,RAMSEY,MN0620400
MARBLE PD,ITASCA,MN0310800
MARIETTA PD,LAC QUI PARLE,MN0370400
MARSHALL PD,LYON,MN0420100
SHERIFF'S OFFICE,LYON,MN0420000
HIGHWAY PATROL,N/A,MNMHP0300
MAYNARD PD,CHIPPEWA,MN0120300
MAZEPPA PD,WABASHA,MN0790500
MCGREGOR PD,AITKIN,MN0010200
MCINTOSH PD,POLK,MN0600700
MEDFORD PD,STEELE,MN0740400
MEDINA PD,HENNEPIN,MN0273000
MELROSE PD,STEARNS,MN0730200
MENDOTA HEIGHTS PD,DAKOTA,MN0190400
MENTOR PD,POLK,MN0600800
MILACA PD,MILLE LACS,MN0480100
SHERIFF'S OFFICE,MILLE LACS,MN0480000
MILAN PD,CHIPPEWA,MN0120400
MILROY PD,REDWOOD,MN0640300
MILTONA PD,DOUGLAS,MN0210700
MINNEAPOLIS-ST. PAUL INTERNATIONAL AIRPORT PD,HENNEPIN,MN0272500
MINNEAPOLIS PD,HENNEPIN,MN0271100
BLAINE PD,ANOKA,MN0020200
COLUMBIA HEIGHTS PD,ANOKA,MN0020400
FRIDLEY PD,ANOKA,MN0020600
SPRING LAKE PARK PD,ANOKA,MN0020800
BROOKLYN PARK PD,HENNEPIN,MN0270300
PLYMOUTH PD,HENNEPIN,MN0271700
SHERIFF'S OFFICE,HENNEPIN,MN0270000
ST. LOUIS PARK PD,HENNEPIN,MN0272100
ST. ANTHONY PD,HENNEPIN,MN0272000
UNIVERSITY OF MINNESOTA PD,HENNEPIN,MN0272400
VETERANS ADMINISTRATION,N/A,MNVA00100
MINNEOTA PD,LYON,MN0420300
MINNESOTA BUREAU OF CRIMINAL APPREHENSION,N/A,MNBCA0000
MINNESOTA DEPARTMENT OF CORRECTIONS,N/A,MNDOC0000
MINNESOTA DEPARTMENT OF CONSERVATION,N/A,MNCON0000
MINNESOTA HIGHWAY PATROL CENTRAL OFFICE,N/A,MNMHP0000
MINNESOTA LAKE PD,FARIBAULT,MN0221000
MINNESOTA MOTOR VEHICLE SERVICES DIVISION,RAMSEY,MN0621600
MINNESTRISTA PD,HENNEPIN,MN0272800
MINNETONKA BEACH PD,HENNEPIN,MN0273600
MINNETONKA PD,HENNEPIN,MN0271200
MONTEVIDEO PD,CHIPPEWA,MN0120200
SHERIFF'S OFFICE,CHIPPEWA,MN0120000
MONTGOMERY PD,LE SUEUR,MN0400300
MONTICELLO PD,WRIGHT,MN0860500
MONTROSE PD,WRIGHT,MN0860900
MOORHEAD PD,CLAY,MN0140400
SHERIFF'S OFFICE,CLAY,MN0140000
MOOSE LAKE PD,CARLTON,MN0090200
MORA PD,KANABEC,MN0330100
SHERIFF'S OFFICE,KANABEC,MN0330000
MORGAN PD,REDWOOD,MN0640400
MORRIS PD,STEVENS,MN0750100
SHERIFF'S OFFICE,STEVENS,MN0750000
MORRISTOWN PD,RICE,MN0660500
MORTON PD,RENVILLE,MN0650900
MOUND PD,HENNEPIN,MN0271300
MINNESTRISTA PD,HENNEPIN,MN0272800
MOUNDS VIEW PD,RAMSEY,MN0620500
MOUNTAIN IRON PD,ST. LOUIS,MN0691200
MOUNTAIN LAKE PD,COTTONWOOD,MN0170100
NASHWAUK PD,ITASCA,MN0310500
NERSTRAND PD,RICE,MN0660600
NEVIS PD,HUBBARD,MN0290300
NEW BRIGHTON PD,RAMSEY,MN0620600
LEXINGTON PD,ANOKA,MN0021100
NEW HOPE PD,HENNEPIN,MN0271400
NEW LONDON PD,KANDIYOHI,MN0340300
NEW PRAGUE PD,SCOTT,MN0700300
NEW RICHLAND PD,WASECA,MN0810200
NEW ULM PD,BROWN,MN0080100
SHERIFF'S OFFICE,BROWN,MN0080000
NEW YORK MILLS PD,OTTER TAIL,MN0560700
NEWPORT PD,WASHINGTON,MN0820400
NISSWA PD,CROW WING,MN0181000
NORTH BRANCH PD,CHISAGO,MN0130500
NORTH MANKATO PD,NICOLLET,MN0520100
NORTH OAKS PD,RAMSEY,MN0621500
BECHYN PD,RENVILLE,MN0651100
NORTH ST. PAUL PD,RAMSEY,MN0620700
NORTHFIELD PD,RICE,MN0660200
OAK PARK HEIGHTS PD,WASHINGTON,MN0821400
OAKDALE PD,WASHINGTON,MN0820800
ODIN PD,WATONWAN,MN0830700
OGEMA PD,BECKER,MN0030500
OLIVIA PD,RENVILLE,MN0650300
SHERIFF'S OFFICE,RENVILLE,MN0650000
ORONO PD,HENNEPIN,MN0271500
ORONOCO PD,OLMSTED,MN0550500
ORTONVILLE PD,BIG STONE,MN0060100
SHERIFF'S OFFICE,BIG STONE,MN0060000
OSAKIS PD,DOUGLAS,MN0210200
OSSEO PD,HENNEPIN,MN0271600
MAPLE GROVE PD,HENNEPIN,MN0272700
OWATONNA PD,STEELE,MN0740100
SHERIFF'S OFFICE,STEELE,MN0740000
PALISADE PD,AITKIN,MN0010300
PARK RAPIDS PD,HUBBARD,MN0290100
SHERIFF'S OFFICE,HUBBARD,MN0290000
PARKERS PRAIRIE PD,OTTER TAIL,MN0560800
PAYNESVILLE PD,STEARNS,MN0730300
PELICAN RAPIDS PD,OTTER TAIL,MN0560200
PEQUOT LAKES PD,CROW WING,MN0181100
PERHAM PD,OTTER TAIL,MN0560300
PINE CITY PD,PINE,MN0580100
SHERIFF'S OFFICE,PINE,MN0580000
PINE ISLAND PD,GOODHUE,MN0250200
PINE RIVER PD,CASS,MN0110500
PIPESTONE PD,PIPESTONE,MN0590100
SHERIFF'S OFFICE,PIPESTONE,MN0590000
PLAINVIEW PD,WABASHA,MN0790200
PLYMOUTH PD,HENNEPIN,MN0271700
PORTER PD,YELLOW MEDICINE,MN0870600
PRESTON PD,FILLMORE,MN0230400
SHERIFF'S OFFICE,FILLMORE,MN0230000
PRINCETON PD,MILLE LACS,MN0480200
PRIOR LAKE PD,SCOTT,MN0700900
PROCTOR PD,ST. LOUIS,MN0691300
RACINE PD,MOWER,MN0500800
RAMSEY PD,ANOKA,MN0021300
RAYMOND PD,KANDIYOHI,MN0340400
RED LAKE FALLS PD,RED LAKE,MN0630100
SHERIFF'S OFFICE,RED LAKE,MN0630000
RED WING PD,GOODHUE,MN0250300
SHERIFF'S OFFICE,GOODHUE,MN0250000
REDWOOD FALLS PD,REDWOOD,MN0640200
SHERIFF'S OFFICE,REDWOOD,MN0640000
RENVILLE PD,RENVILLE,MN0650400
RICE PD,BENTON,MN0050300
RICHFIELD PD,HENNEPIN,MN0271800
RICHMOND PD,STEARNS,MN0730700
ROBBINSDALE PD,HENNEPIN,MN0271900
ROCHESTER PD,OLMSTED,MN0550100
HIGHWAY PATROL,N/A,MNMHP0200
SHERIFF'S OFFICE,OLMSTED,MN0550000
ROGERS PD,HENNEPIN,MN0273400
ROSE CREEK PD,MOWER,MN0500900
ROSEAU PD,ROSEAU,MN0680100
SHERIFF'S OFFICE,ROSEAU,MN0680000
ROSEMOUNT PD,DAKOTA,MN0190500
APPLE VALLEY PD,DAKOTA,MN0191000
ROSEVILLE PD,RAMSEY,MN0620800
ROTHSAY PD,WILKIN,MN0840400
ROUND LAKE PD,NOBLES,MN0530500
RUSH CITY PD,CHISAGO,MN0130100
RUSHFORD PD,FILLMORE,MN0230500
RUSHMORE PD,NOBLES,MN0530600
SACRED HEART PD,RENVILLE,MN0651000
SANBORN PD,REDWOOD,MN0640500
SANDSTONE PD,PINE,MN0580200
SARTELL PD,STEARNS,MN0731200
SAUK CENTRE PD,STEARNS,MN0730500
SAUK RAPIDS PD,BENTON,MN0050200
SAVAGE PD,SCOTT,MN0700600
SCANLON PD,CARLTON,MN0090400
SEBEKA PD,WADENA,MN0800200
SHAKOPEE PD,SCOTT,MN0700400
SHERIFF'S OFFICE,SCOTT,MN0700000
SHELLY PD,NORMAN,MN0540300
SHERBURN PD,MARTIN,MN0460200
SHERIFF'S OFFICE,AITKIN,MN0010000
SHERIFF'S OFFICE,ANOKA,MN0020000
SHERIFF'S OFFICE,BELTRAMI,MN0040000
SHERIFF'S OFFICE,BECKER,MN0030000
SHERIFF'S OFFICE,BENTON,MN0050000
SHERIFF'S OFFICE,BIG STONE,MN0060000
SHERIFF'S OFFICE,BLUE EARTH,MN0070000
SHERIFF'S OFFICE,BROWN,MN0080000
SHERIFF'S OFFICE,CARLTON,MN0090000
SHERIFF'S OFFICE,CARVER,MN0100000
SHERIFF'S OFFICE,CASS,MN0110000
SHERIFF'S OFFICE,CHISAGO,MN0130000
SHERIFF'S OFFICE,CHIPPEWA,MN0120000
SHERIFF'S OFFICE,CLEARWATER,MN0150000
SHERIFF'S OFFICE,CLAY,MN0140000
SHERIFF'S OFFICE,COOK,MN0160000
SHERIFF'S OFFICE,COTTONWOOD,MN0170000
SHERIFF'S OFFICE,CROW WING,MN0180000
SHERIFF'S OFFICE,DAKOTA,MN0190000
SHERIFF'S OFFICE,DOUGLAS,MN0210000
SHERIFF'S OFFICE,DODGE,MN0200000
SHERIFF'S OFFICE,FARIBAULT,MN0220000
SHERIFF'S OFFICE,FILLMORE,MN0230000
SHERIFF'S OFFICE,FREEBORN,MN0240000
SHERIFF'S OFFICE,GOODHUE,MN0250000
SHERIFF'S OFFICE,GRANT,MN0260000
SHERIFF'S OFFICE,HENNEPIN,MN0270000
SHERIFF'S OFFICE,HOUSTON,MN0280000
SHERIFF'S OFFICE,HUBBARD,MN0290000
SHERIFF'S OFFICE,ISANTI,MN0300000
SHERIFF'S OFFICE,ITASCA,MN0310000
SHERIFF'S OFFICE,JACKSON,MN0320000
SHERIFF'S OFFICE,KANABEC,MN0330000
SHERIFF'S OFFICE,KANDIYOHI,MN0340000
SHERIFF'S OFFICE,KITTSON,MN0350000
SHERIFF'S OFFICE,KOOCHICHING,MN0360000
SHERIFF'S OFFICE,LAKE OF THE WOODS,MN0390000
SHERIFF'S OFFICE,LAC QUI PARLE,MN0370000
SHERIFF'S OFFICE,LAKE,MN0380000
SHERIFF'S OFFICE,LE SUEUR,MN0400000
SHERIFF'S OFFICE,LINCOLN,MN0410000
SHERIFF'S OFFICE,LYON,MN0420000
SHERIFF'S OFFICE,MARTIN,MN0460000
SHERIFF'S OFFICE,MAHNOMEN,MN0440000
SHERIFF'S OFFICE,MARSHALL,MN0450000
SHERIFF'S OFFICE,MCLEOD,MN0430000
SHERIFF'S OFFICE,MEEKER,MN0470000
SHERIFF'S OFFICE,MILLE LACS,MN0480000
SHERIFF'S OFFICE,MOWER,MN0500000
SHERIFF'S OFFICE,MORRISON,MN0490000
SHERIFF'S OFFICE,MURRAY,MN0510000
SHERIFF'S OFFICE,NICOLLET,MN0520000
SHERIFF'S OFFICE,NORMAN,MN0540000
SHERIFF'S OFFICE,NOBLES,MN0530000
SHERIFF'S OFFICE,OLMSTED,MN0550000
SHERIFF'S OFFICE,OTTER TAIL,MN0560000
SHERIFF'S OFFICE,PENNINGTON,MN0570000
SHERIFF'S OFFICE,PINE,MN0580000
SHERIFF'S OFFICE,PIPESTONE,MN0590000
SHERIFF'S OFFICE,POLK,MN0600000
SHERIFF'S OFFICE,POPE,MN0610000
SHERIFF'S OFFICE,RAMSEY,MN0620000
SHERIFF'S OFFICE,RENVILLE,MN0650000
SHERIFF'S OFFICE,RED LAKE,MN0630000
SHERIFF'S OFFICE,REDWOOD,MN0640000
SHERIFF'S OFFICE,RICE,MN0660000
SHERIFF'S OFFICE,ROCK,MN0670000
SHERIFF'S OFFICE,ROSEAU,MN0680000
SHERIFF'S OFFICE,SCOTT,MN0700000
SHERIFF'S OFFICE,SHERBURNE,MN0710000
SHERIFF'S OFFICE,SIBLEY,MN0720000
SHERIFF'S OFFICE,ST. LOUIS,MN0690000
SHERIFF'S OFFICE,STEVENS,MN0750000
SHERIFF'S OFFICE,STEELE,MN0740000
SHERIFF'S OFFICE,STEARNS,MN0730000
SHERIFF'S OFFICE,SWIFT,MN0760000
SHERIFF'S OFFICE,TODD,MN0770000
SHERIFF'S OFFICE,TRAVERSE,MN0780000
SHERIFF'S OFFICE,WASHINGTON,MN0820000
SHERIFF'S OFFICE,WATONWAN,MN0830000
SHERIFF'S OFFICE,WASECA,MN0810000
SHERIFF'S OFFICE,WADENA,MN0800000
SHERIFF'S OFFICE,WABASHA,MN0790000
SHERIFF'S OFFICE,WILKIN,MN0840000
SHERIFF'S OFFICE,WINONA,MN0850000
SHERIFF'S OFFICE,WRIGHT,MN0860000
SHERIFF'S OFFICE,YELLOW MEDICINE,MN0870000
SHOREVIEW PD,RAMSEY,MN0621200
SHOREWOOD PD,HENNEPIN,MN0272200
SILVER BAY PD,LAKE,MN0380100
SILVER LAKE PD,MCLEOD,MN0430500
SKYLINE PD,BLUE EARTH,MN0070700
SLAYTON PD,MURRAY,MN0510200
SHERIFF'S OFFICE,MURRAY,MN0510000
SLEEPY EYE PD,BROWN,MN0080200
SOUTH HAVEN PD,WRIGHT,MN0861100
SOUTH LAKE MINNETONKA PUBLIC SAFETY DEPARTMENT,HENNEPIN,MN0270700
SOUTH ST. PAUL PD,DAKOTA,MN0190600
SPRING GROVE PD,HOUSTON,MN0280400
SPRING LAKE PARK PD,ANOKA,MN0020800
SPRING VALLEY PD,FILLMORE,MN0230600
SPRINGFIELD PD,BROWN,MN0080300
ST. ANTHONY PD,HENNEPIN,MN0272000
ST. BONIFACIUS PD,HENNEPIN,MN0273500
ST. CHARLES PD,WINONA,MN0850100
ST. CLOUD PD,STEARNS,MN0730400
HIGHWAY PATROL,N/A,MNMHP0600
SHERIFF'S OFFICE,STEARNS,MN0730000
ST. FRANCIS PD,ANOKA,MN0021500
ST. JAMES PD,WATONWAN,MN0830200
SHERIFF'S OFFICE,WATONWAN,MN0830000
ST. JOSEPH PD,STEARNS,MN0731100
ST. LOUIS PARK PD,HENNEPIN,MN0272100
ST. MICHAEL PD,WRIGHT,MN0861000
ST. PAUL PARK PD,WASHINGTON,MN0820500
ST. PAUL PD,RAMSEY,MN0620900
MENDOTA HEIGHTS PD,DAKOTA,MN0190400
MINNEAPOLIS-ST. PAUL INTERNATIONAL AIRPORT PD,HENNEPIN,MN0272500
HIGHWAY PATROL RADIO,N/A,MNMHP0100
HIGHWAY PATROL CAPITOL SECURITY DISTRICT,N/A,MNMHP1300
MINNESOTA DEPARTMENT OF CONSERVATION,N/A,MNCON0000
MINNESOTA DEPARTMENT OF CORRECTIONS,N/A,MNDOC0000
MINNESOTA BUREAU OF CRIMINAL APPREHENSION,N/A,MNBCA0000
MINNESOTA HIGHWAY PATROL CENTRAL OFFICE,N/A,MNMHP0000
LAUDERDALE PD,RAMSEY,MN0620300
LITTLE CANADA PD,RAMSEY,MN0621100
MINNESOTA MOTOR VEHICLE SERVICES DIVISION,RAMSEY,MN0621600
MOUNDS VIEW PD,RAMSEY,MN0620500
NORTH OAKS PD,RAMSEY,MN0621500
SHOREVIEW PD,RAMSEY,MN0621200
SHERIFF'S OFFICE,RAMSEY,MN0620000
STATE FIRE MARSHAL,RAMSEY,MN0621400
VADNAIS HEIGHTS PD,RAMSEY,MN0621300
MAHTOMEDI PD,WASHINGTON,MN0820300
ST. PETER PD,NICOLLET,MN0520200
SHERIFF'S OFFICE,NICOLLET,MN0520000
STACY PD,CHISAGO,MN0130600
STAPLES PD,TODD,MN0770200
STARBUCK PD,POPE,MN0610200
STATE FIRE MARSHAL,RAMSEY,MN0621400
STEWART PD,MCLEOD,MN0430600
STEWARTVILLE PD,OLMSTED,MN0550200
STILLWATER PD,WASHINGTON,MN0820600
SHERIFF'S OFFICE,WASHINGTON,MN0820000
STORDEN PD,COTTONWOOD,MN0170400
TAYLORS FALL PD,CHISAGO,MN0130700
THIEF RIVER FALLS PD,PENNINGTON,MN0570100
HIGHWAY PATROL,N/A,MNMHP0900
SHERIFF'S OFFICE,PENNINGTON,MN0570000
TINTAH PD,TRAVERSE,MN0780400
TRACY PD,LYON,MN0420200
TRUMAN PD,MARTIN,MN0460300
TWIN VALLEY PD,NORMAN,MN0540400
TWO HARBORS PD,LAKE,MN0380200
SHERIFF'S OFFICE,LAKE,MN0380000
TYLER PD,LINCOLN,MN0410100
ULEN PD,CLAY,MN0140700
UNIVERSITY OF MINNESOTA PD,HENNEPIN,MN0272400
VADNAIS HEIGHTS PD,RAMSEY,MN0621300
VERNDALE PD,WADENA,MN0800300
VERNON CENTER PD,BLUE EARTH,MN0070800
VETERANS ADMINISTRATION,N/A,MNVA00100
VIRGINIA PD,ST. LOUIS,MN0691400
HIGHWAY PATROL,N/A,MNMHP1000
WABASHA PD,WABASHA,MN0790300
SHERIFF'S OFFICE,WABASHA,MN0790000
WABASSO PD,REDWOOD,MN0640600
WACONIA PD,CARVER,MN0100300
WADENA PD,WADENA,MN0800100
SHERIFF'S OFFICE,WADENA,MN0800000
WAITE PARK PD,STEARNS,MN0730600
WALKER PD,CASS,MN0110200
SHERIFF'S OFFICE,CASS,MN0110000
WALNUT GROVE PD,REDWOOD,MN0640700
WANAMINGO PD,GOODHUE,MN0250700
WARREN PD,MARSHALL,MN0450100
SHERIFF'S OFFICE,MARSHALL,MN0450000
WARROAD PD,ROSEAU,MN0680200
WASECA PD,WASECA,MN0810300
SHERIFF'S OFFICE,WASECA,MN0810000
WATERTOWN PD,CARVER,MN0100400
WATERVILLE PD,LE SUEUR,MN0400400
WATSON PD,CHIPPEWA,MN0120500
WAYZATA PD,HENNEPIN,MN0272300
WELCOME PD,MARTIN,MN0460400
WELLS PD,FARIBAULT,MN0220400
WENDELL PD,GRANT,MN0260600
WEST CONCORD PD,DODGE,MN0200600
WEST ST. PAUL PD,DAKOTA,MN0190700
LILYDALE PD,DAKOTA,MN0191200
WESTBROOK PD,COTTONWOOD,MN0170500
WHEATON PD,TRAVERSE,MN0780200
SHERIFF'S OFFICE,TRAVERSE,MN0780000
WHITE BEAR LAKE PD,RAMSEY,MN0621000
WHITE EARTH PD,BECKER,MN0030600
WILLERNIE PD,WASHINGTON,MN0821500
WILLIAMS PD,LAKE OF THE WOODS,MN0390200
WILLMAR PD,KANDIYOHI,MN0340100
SHERIFF'S OFFICE,KANDIYOHI,MN0340000
WILLOW RIVER PD,PINE,MN0580400
WINDOM PD,COTTONWOOD,MN0170200
SHERIFF'S OFFICE,COTTONWOOD,MN0170000
WINNEBAGO PD,FARIBAULT,MN0220500
WINONA PD,WINONA,MN0850200
SHERIFF'S OFFICE,WINONA,MN0850000
WINSTED PD,MCLEOD,MN0430700
WINTHROP PD,SIBLEY,MN0720600
WOLF LAKE PD,BECKER,MN0030700
WOOD LAKE PD,YELLOW MEDICINE,MN0870700
WOODBURY PD,WASHINGTON,MN0821100
WORTHINGTON PD,NOBLES,MN0530100
SHERIFF'S OFFICE,NOBLES,MN0530000
WRIGHT PD,CARLTON,MN0090500
WYKOFF PD,FILLMORE,MN0231000
WYOMING PD,CHISAGO,MN0130800
ZIMMERMAN POLICE DEPARTMENT,SHERBURNE,MN0710300
ZUMBROTA PD,GOODHUE,MN0250800
BUREAU OF INDIAN AFFAIRS,N/A,MNDI05200
BUREAU OF ALCOHOL TOBACCO AND FIREARMS,N/A,MNATF0100
BUREAU OF ALCOHOL TOBACCO AND FIREARMS,N/A,MNATFSP00
BUREAU OF ALCOHOL TOBACCO AND FIREARMS,N/A,MNATF0200
BUREAU OF CUSTOMS CUSTOMS AGENCY SERVICE,N/A,MNCASIF00
BUREAU OF CUSTOMS CUSTOMS AGENCY SERVICE,N/A,MNCASDU00
BUREAU OF CUSTOMS CUSTOMS AGENCY SERVICE,N/A,MNCASMS00
BUREAU OF INDIAN AFFAIRS RED LAKE AGENCY,N/A,MNDI05000
BUREAU OF INDIAN AFFAIRS NETT LAKE INDIAN RESERVAT,N/A,MNDI05100
BUREAU OF NARCOTICS AND DANGEROUS DRUGS,N/A,MNBNDMP00
DRUG ENFORCEMENT ADMINISTRATION,N/A,MNDEA0100
DRUG ENFORCEMENT ADMINISTRATION,N/A,MNDEA0200
DULUTH USAF BASE,N/A,MNAF00000
FBI,N/A,MNFBIMP00
FORT SNELLING,N/A,MNUSA0100
GRAND PORTAGE NATIONAL MONUMENT,N/A,MNDI00100
IMMIGRATION AND NATURALIZATION SERVICE,N/A,MNINS9900
IMMIGRATION AND NATURALIZATION SERVICE,N/A,MNINSSP00
INTERNAL REVENUE SERVICE INTELLIGENCE DIVISION,N/A,MNIRS4100
PIPESTONE NATIONAL MONUMENT,N/A,MNDI00200
POSTAL INSPECTOR IN CHARGE,N/A,MNPOST000
TWIN CITIES ARMY AMMO PLANT,N/A,MNUSA0000
U.S. CUSTOMS SERVICE INSPECTION AND CONTROL,N/A,MNUSC1000
U.S. CUSTOMS SERVICE INSPECTION AND CONTROL,N/A,MNUSC0100
U.S. CUSTOMS SERVICE INSPECTION AND CONTROL,N/A,MNUSC0700
U.S. CUSTOMS SERVICE INSPECTION AND CONTROL,N/A,MNUSC0300
U.S. CUSTOMS SERVICE INSPECTION AND CONTROL,N/A,MNUSC0800
U.S. CUSTOMS SERVICE INSPECTION AND CONTROL,N/A,MNUSC0600
U.S. CUSTOMS SERVICE INSPECTION AND CONTROL,N/A,MNUSC0200
U.S. CUSTOMS SERVICE INSPECTION AND CONTROL,N/A,MNUSC0900
U.S. CUSTOMS SERVICE INSPECTION AND CONTROL,N/A,MNUSC0400
U.S. CUSTOMS SERVICE INSPECTION AND CONTROL,N/A,MNUSC0500
U.S. SECRET SERVICE,N/A,MNSS21400
U.S. CUSTOMS SERVICE OFFICE OF INVESTIGATIONS,N/A,MNUSC5000
U.S. CUSTOMS SERVICE OFFICE OF INVESTIGATIONS,N/A,MNUSC5100
U.S. FISH AND WILDLIFE SERVICE,N/A,MNDI07500
UNITED STATES MARSHAL,N/A,MNUSM0100
VOYAGEURS NATIONAL PARK,N/A,MNDI00300
